parcode,trial,fix_time,fix_item
10,1,98,1
10,1,426,2
10,1,319,1
10,1,259,2
10,1,1472,1
10,1,382,2
10,1,217,1
10,2,299,2
10,2,397,1
10,2,499,2
10,2,301,1
10,3,540,1
10,3,262,2
10,4,341,1
10,4,618,2
10,4,402,1
10,4,239,2
10,5,316,1
10,5,700,2
10,5,203,1
10,9,197,2
10,9,180,1
10,9,416,2
10,9,697,1
10,9,419,2
10,9,260,1
10,10,339,1
10,10,940,2
10,10,399,1
10,11,1057,1
10,16,340,1
10,16,420,2
10,17,356,1
10,17,499,2
10,17,20,1
10,18,1356,1
10,19,458,1
10,19,516,2
10,19,200,1
10,20,1237,1
10,20,538,2
10,20,281,1
10,20,219,2
10,20,738,1
10,20,1515,2
10,20,498,1
10,20,200,2
10,22,598,1
10,22,319,2
10,23,281,1
10,23,299,2
10,23,419,1
10,24,319,1
10,24,578,2
10,24,298,1
10,24,896,2
10,24,862,1
10,24,71,2
10,25,318,1
10,25,739,2
10,25,563,1
10,25,873,2
10,25,658,1
10,26,441,1
10,26,518,2
10,26,1632,1
10,26,518,2
10,27,320,1
10,27,280,2
10,27,582,1
10,27,399,2
10,27,80,1
10,28,346,1
10,28,717,2
10,28,360,1
10,29,518,1
10,29,498,2
10,29,81,1
10,30,438,1
10,30,458,2
10,30,358,1
10,31,219,1
10,31,421,2
10,31,479,1
10,31,140,2
10,32,339,1
10,32,362,2
10,32,618,1
10,33,196,1
10,33,421,2
10,33,720,1
10,33,418,2
10,33,339,1
10,34,299,1
10,34,481,2
10,34,320,1
10,35,299,1
10,35,840,2
10,35,599,1
10,35,59,2
10,36,217,2
10,36,737,1
10,36,20,2
10,38,216,1
10,38,640,2
10,39,339,1
10,39,179,2
10,39,818,1
10,40,399,1
10,40,420,2
10,40,740,1
10,40,2210,2
10,40,1057,1
10,40,458,2
10,40,737,1
10,40,798,2
10,40,735,1
10,41,539,1
10,41,259,2
10,41,201,1
10,42,299,1
10,42,420,2
10,42,359,1
10,43,579,1
10,43,398,2
10,44,399,1
10,44,642,2
10,44,76,1
10,45,298,1
10,45,541,2
10,45,120,1
10,46,216,1
10,46,79,2
10,46,20,1
10,47,387,1
10,47,239,2
10,47,518,1
10,47,618,2
10,47,219,1
10,48,259,2
10,48,539,1
10,49,140,2
10,49,517,1
10,50,225,1
10,50,517,2
10,50,478,1
10,50,20,2
10,51,339,1
10,51,179,2
10,52,339,1
10,52,419,2
10,52,60,1
10,53,199,2
10,53,278,1
10,53,2012,2
10,53,1236,1
10,54,359,1
10,54,398,2
10,54,161,1
10,55,380,1
10,55,460,2
10,55,440,1
10,55,380,2
10,56,279,1
10,56,281,2
10,57,240,1
10,57,316,2
10,57,200,1
10,57,378,2
10,57,59,1
10,58,219,1
10,58,338,2
10,58,239,1
10,58,781,2
10,59,179,2
10,59,259,1
10,59,279,2
10,59,818,1
10,59,20,2
10,60,379,1
10,60,319,2
10,61,219,1
10,61,419,2
10,61,179,1
10,62,220,1
10,62,1155,2
10,62,937,1
10,62,616,2
10,62,758,1
10,62,798,2
10,62,1933,1
10,63,498,1
10,63,339,2
10,64,461,1
10,64,100,2
10,65,220,1
10,65,480,2
10,66,520,1
10,66,715,2
10,66,61,1
10,67,219,1
10,67,222,2
10,68,578,1
10,68,458,2
10,69,359,1
10,69,398,2
10,70,339,1
10,70,537,2
10,70,121,1
10,71,511,1
10,71,110,2
10,72,179,1
10,72,240,2
10,73,220,2
10,73,458,1
10,73,39,2
10,74,498,1
10,74,637,2
10,74,418,1
10,74,79,2
10,75,179,1
10,75,478,2
10,75,239,1
10,76,239,2
10,77,358,2
10,77,319,1
10,77,179,2
10,78,299,1
10,78,597,2
10,78,299,1
10,79,373,1
10,79,299,2
10,80,402,1
10,80,761,2
10,80,522,1
10,81,380,2
10,81,298,1
10,81,199,2
10,82,299,2
10,82,419,1
10,83,339,1
10,83,458,2
10,83,577,1
10,83,300,2
10,83,597,1
10,83,319,2
10,83,220,1
10,83,278,2
10,83,260,1
10,83,300,2
10,84,398,1
10,84,538,2
10,84,60,1
10,85,340,1
10,85,418,2
10,85,817,1
10,85,380,2
10,85,756,1
10,85,478,2
10,85,279,1
10,85,400,2
10,86,378,1
10,86,459,2
10,87,319,1
10,87,418,2
10,87,1176,1
10,87,120,2
10,88,299,1
10,88,240,2
10,89,379,1
10,89,358,2
10,89,418,1
10,89,120,2
10,90,237,1
10,90,418,2
10,90,81,1
10,91,359,1
10,91,737,2
10,91,837,1
10,91,99,2
10,92,339,1
10,92,319,2
10,93,219,1
10,93,343,2
10,93,521,1
10,93,439,2
10,94,240,1
10,94,239,2
10,94,161,1
10,95,179,1
10,95,219,2
10,95,160,1
10,96,239,1
10,96,1594,2
10,97,156,2
10,97,458,1
10,97,60,2
10,98,160,1
10,98,359,2
10,98,20,1
10,99,179,1
10,99,378,2
10,99,81,1
10,100,258,1
10,100,438,2
10,100,20,1
11,1,338,1
11,1,440,2
11,1,319,1
11,1,380,2
11,2,242,2
11,2,339,1
11,2,522,2
11,2,159,1
11,3,476,1
11,3,1373,2
11,4,225,1
11,4,881,2
11,4,135,1
11,4,239,2
11,4,962,1
11,4,1462,2
11,4,230,1
11,5,696,1
11,5,998,2
11,5,137,1
11,5,625,2
11,5,212,1
11,6,460,2
11,6,618,1
11,6,1057,2
11,6,1307,1
11,6,444,2
11,6,20,1
11,7,511,1
11,7,700,2
11,7,455,1
11,7,442,2
11,7,77,1
11,8,535,1
11,8,940,2
11,9,515,1
11,9,553,2
11,9,1551,1
11,9,163,2
11,9,60,1
11,10,159,2
11,10,878,1
11,11,282,2
11,11,649,1
11,11,660,2
11,12,219,1
11,12,283,2
11,12,1035,1
11,13,579,1
11,13,875,2
11,14,358,1
11,14,837,2
11,14,840,1
11,14,476,2
11,15,218,1
11,15,521,2
11,15,401,1
11,15,353,2
11,16,321,1
11,16,615,2
11,16,699,1
11,17,499,1
11,17,398,2
11,18,714,1
11,18,202,2
11,19,943,1
11,19,1508,2
11,20,366,1
11,20,856,2
11,20,479,1
11,21,420,1
11,21,377,2
11,22,396,1
11,22,746,2
11,22,39,1
11,23,285,1
11,23,752,2
11,23,239,1
11,24,302,1
11,24,654,2
11,25,260,1
11,25,398,2
11,25,139,1
11,26,474,1
11,26,702,2
11,26,20,1
11,27,302,1
11,27,514,2
11,27,877,1
11,28,559,1
11,28,778,2
11,29,304,1
11,29,608,2
11,29,2210,1
11,29,1016,2
11,29,263,1
11,29,196,2
11,30,397,1
11,30,1100,2
11,30,438,1
11,31,235,1
11,31,760,2
11,31,259,1
11,32,239,2
11,32,699,1
11,32,617,2
11,32,697,1
11,32,122,2
11,33,259,2
11,33,459,1
11,34,998,2
11,34,462,1
11,34,893,2
11,35,241,1
11,35,795,2
11,35,640,1
11,35,1653,2
11,35,658,1
11,36,600,1
11,36,558,2
11,37,496,1
11,37,718,2
11,38,286,2
11,38,598,1
11,38,606,2
11,38,2629,1
11,39,359,1
11,39,359,2
11,39,362,1
11,39,80,2
11,40,338,2
11,40,77,1
11,40,22,2
11,40,379,1
11,40,717,2
11,40,421,1
11,41,221,2
11,41,751,1
11,42,301,1
11,42,1036,2
11,43,719,1
11,44,717,1
11,44,120,2
11,45,700,2
11,45,283,1
11,45,538,2
11,46,757,1
11,46,359,2
11,47,237,1
11,47,1076,2
11,47,321,1
11,47,80,2
11,48,400,1
11,48,399,2
11,49,237,1
11,49,838,2
11,49,40,1
11,50,458,1
11,50,402,2
11,51,298,1
11,51,443,2
11,51,1650,1
11,51,996,2
11,52,360,1
11,52,815,2
11,52,817,1
11,53,475,1
11,53,541,2
11,54,395,1
11,54,601,2
11,55,295,1
11,55,578,2
11,56,335,1
11,56,463,2
11,56,301,1
11,57,348,1
11,57,422,2
11,58,320,1
11,58,517,2
11,58,98,1
11,59,241,1
11,59,399,2
11,60,321,1
11,60,695,2
11,60,140,1
11,61,196,1
11,61,738,2
11,62,200,1
11,62,559,2
11,62,176,1
11,63,339,1
11,63,280,2
11,64,374,1
11,64,761,2
11,65,244,1
11,65,462,2
11,65,497,1
11,65,184,2
11,66,80,1
11,66,19,2
11,66,122,1
11,66,662,2
11,66,214,1
11,66,549,2
11,66,308,1
11,67,538,2
11,67,400,1
11,67,238,2
11,68,219,1
11,68,374,2
11,68,641,1
11,68,977,2
11,69,459,1
11,69,438,2
11,70,279,1
11,70,576,2
11,70,558,1
11,70,615,2
11,71,182,1
11,71,660,2
11,71,217,1
11,72,220,2
11,72,295,1
11,72,398,2
11,73,222,1
11,73,851,2
11,74,482,1
11,74,1192,2
11,75,245,1
11,75,473,2
11,76,97,1
11,76,339,2
11,76,758,1
11,77,17,1
11,77,278,2
11,77,540,1
11,77,481,2
11,78,201,1
11,78,73,2
11,79,241,1
11,79,319,2
11,79,200,1
11,80,279,2
11,80,236,1
11,81,283,2
11,81,475,1
11,81,520,2
11,81,100,1
11,82,583,1
11,82,513,2
11,82,82,1
11,83,199,1
11,83,697,2
11,84,229,1
11,84,597,2
11,86,338,1
11,86,250,2
11,87,279,1
11,87,483,2
11,88,278,1
11,88,239,2
11,89,303,2
11,89,836,1
11,90,205,1
11,90,518,2
11,91,261,1
11,91,420,2
11,91,201,1
11,91,320,2
11,91,80,1
11,92,200,1
11,92,259,2
11,93,638,2
11,93,100,1
11,94,219,2
11,94,360,1
11,95,480,2
11,95,220,1
11,95,197,2
11,96,259,2
11,96,622,1
11,96,279,2
11,97,500,2
11,97,60,1
11,98,296,1
11,98,80,2
11,99,197,1
11,99,320,2
11,99,20,1
11,100,516,1
11,100,776,2
13,1,1036,1
13,1,757,2
13,1,997,1
13,1,757,2
13,2,1176,1
13,2,697,2
13,2,738,1
13,3,1612,1
13,3,1634,2
13,3,1396,1
13,3,518,2
13,3,998,1
13,4,857,1
13,4,677,2
13,4,379,1
13,5,597,1
13,5,3448,2
13,5,2312,1
13,5,876,2
13,5,1056,1
13,5,1116,2
13,5,1575,1
13,5,160,2
13,6,597,1
13,6,2571,2
13,6,1016,1
13,7,664,1
13,7,2065,2
13,7,1555,1
13,7,1077,2
13,7,458,1
13,7,2213,2
13,8,3368,1
13,8,699,2
13,9,716,1
13,9,857,2
13,9,518,1
13,9,1095,2
13,10,338,1
13,10,1475,2
13,11,717,1
13,11,1395,2
13,12,995,1
13,12,3867,2
13,12,1076,1
13,12,3190,2
13,12,140,1
13,13,1253,1
13,13,659,2
13,14,3264,1
13,14,901,2
13,14,793,1
13,15,996,1
13,15,2730,2
13,15,279,1
13,16,2651,1
13,16,1515,2
13,17,658,1
13,17,837,2
13,18,1355,1
13,18,2910,2
13,18,1320,1
13,18,1870,2
13,18,1215,1
13,18,159,2
13,19,997,1
13,19,1216,2
13,20,712,1
13,20,2352,2
13,21,4065,1
13,21,1476,2
13,21,1536,1
13,22,756,1
13,22,817,2
13,22,1076,1
13,22,459,2
13,23,597,1
13,23,1236,2
13,23,1573,1
13,23,1295,2
13,23,1654,1
13,23,1216,2
13,23,782,1
13,23,1311,2
13,24,1555,1
13,24,2850,2
13,25,557,1
13,25,2432,2
13,25,737,1
13,25,299,2
13,25,898,1
13,26,1276,1
13,26,1595,2
13,27,199,1
13,27,617,2
13,27,1894,1
13,28,2869,1
13,28,1555,2
13,28,1495,1
13,28,2212,2
13,29,736,1
13,29,1237,2
13,29,578,1
13,30,1793,1
13,30,6259,2
13,31,566,1
13,31,1287,2
13,31,1436,1
13,31,957,2
13,31,300,1
13,32,956,1
13,32,1036,2
13,32,1475,1
13,32,1496,2
13,33,679,1
13,33,2072,2
13,33,19,1
13,33,1695,2
13,33,3429,1
13,33,877,2
13,33,977,1
13,33,4824,2
13,34,735,1
13,34,1335,2
13,34,2851,1
13,35,1235,1
13,35,1678,2
13,35,1977,1
13,35,754,2
13,35,119,1
13,35,2293,2
13,35,2073,1
13,35,321,2
13,36,2888,1
13,36,667,2
13,36,967,1
13,37,1455,1
13,37,1101,2
13,37,175,1
13,37,615,2
13,37,2315,1
13,37,756,2
13,37,339,1
13,38,2551,1
13,38,1076,2
13,38,1595,1
13,38,553,2
13,38,1375,1
13,38,1415,2
13,38,738,1
13,39,977,1
13,39,1057,2
13,39,597,1
13,39,1513,2
13,39,637,1
13,39,20,2
13,40,657,1
13,40,937,2
13,40,79,1
13,40,100,2
13,40,899,1
13,41,796,1
13,41,1216,2
13,42,1156,1
13,42,938,2
13,42,439,1
13,42,1456,2
13,42,379,1
13,43,809,1
13,43,957,2
13,43,1758,1
13,43,1735,2
13,44,1734,1
13,44,577,2
13,44,519,1
13,45,1036,1
13,45,637,2
13,45,698,1
13,45,957,2
13,46,520,1
13,46,697,2
13,46,1595,1
13,46,698,2
13,46,738,1
13,47,498,1
13,47,7717,2
13,47,677,1
13,48,598,1
13,48,808,2
13,49,597,1
13,49,737,2
13,49,558,1
13,49,1055,2
13,49,958,1
13,50,2372,1
13,50,4681,2
13,50,1585,1
13,50,539,2
13,50,957,1
13,51,398,1
13,51,794,2
13,51,1136,1
13,51,836,2
13,51,1515,1
13,51,559,2
13,52,440,1
13,52,698,2
13,52,199,1
13,53,578,2
13,53,657,1
13,53,996,2
13,54,600,1
13,54,1255,2
13,55,458,1
13,55,598,2
13,55,876,1
13,56,858,1
13,56,1197,2
13,56,836,1
13,56,338,2
13,56,1196,1
13,56,720,2
13,57,539,1
13,57,874,2
13,57,6121,1
13,57,1814,2
13,57,1555,1
13,58,634,1
13,58,558,2
13,58,499,1
13,59,657,1
13,59,1038,2
13,59,220,1
13,60,518,1
13,60,1155,2
13,61,2372,1
13,61,5202,2
13,61,1137,1
13,62,537,1
13,62,140,2
13,63,518,1
13,63,877,2
13,63,877,1
13,63,788,2
13,63,1335,1
13,63,1076,2
13,63,917,1
13,64,555,1
13,64,1290,2
13,65,500,1
13,65,1139,2
13,65,318,1
13,65,2113,2
13,65,1676,1
13,65,1495,2
13,65,299,1
13,66,857,1
13,66,839,2
13,67,6717,1
13,67,1038,2
13,67,1196,1
13,67,478,2
13,68,677,2
13,68,1495,1
13,69,400,1
13,69,678,2
13,70,520,1
13,70,837,2
13,71,1140,1
13,71,518,2
13,72,518,2
13,72,1275,1
13,73,619,1
13,73,682,2
13,74,1135,1
13,74,758,2
13,75,518,1
13,75,658,2
13,75,1039,1
13,76,936,1
13,76,2073,2
13,76,360,1
13,77,698,1
13,77,1654,2
13,77,1036,1
13,78,560,1
13,78,677,2
13,78,1516,1
13,78,837,2
13,79,637,1
13,79,777,2
13,80,423,1
13,80,359,2
13,81,997,1
13,81,998,2
13,82,2807,1
13,82,1394,2
13,82,579,1
13,83,521,1
13,83,555,2
13,83,61,1
13,84,1835,1
13,84,574,2
13,84,423,1
13,84,143,2
13,84,1156,1
13,84,3169,2
13,84,838,1
13,84,61,2
13,85,737,1
13,85,1178,2
13,86,817,1
13,86,977,2
13,87,836,1
13,87,777,2
13,87,1036,1
13,87,658,2
13,88,519,1
13,88,1017,2
13,89,558,1
13,89,3688,2
13,89,1357,1
13,89,936,2
13,89,378,1
13,90,1753,1
13,90,877,2
13,91,459,1
13,91,1017,2
13,92,398,1
13,92,717,2
13,92,837,1
13,93,618,1
13,93,1177,2
13,94,517,1
13,94,458,2
13,94,459,1
13,95,537,1
13,95,876,2
13,96,438,1
13,96,838,2
13,97,478,1
13,97,1238,2
13,97,361,1
13,98,399,1
13,98,677,2
13,98,1833,1
13,98,1636,2
13,98,478,1
13,99,836,1
13,99,419,2
13,99,541,1
13,100,837,1
13,100,935,2
14,1,399,2
14,1,737,1
14,2,1634,2
14,3,1042,2
14,4,557,1
14,5,580,2
14,5,479,1
14,6,339,2
14,6,101,1
14,7,180,2
14,7,19,1
14,7,938,2
14,8,2474,2
14,9,1513,2
14,10,639,2
14,10,1530,1
14,10,1434,2
14,11,459,1
14,11,837,2
14,13,219,1
14,13,1116,2
14,14,877,2
14,15,119,2
14,15,353,1
14,16,519,2
14,16,220,1
14,16,300,2
14,17,977,2
14,18,714,2
14,18,339,1
14,18,148,2
14,19,336,2
14,19,122,1
14,20,239,2
14,20,1156,1
14,20,420,2
14,21,1015,2
14,21,677,1
14,22,638,2
14,22,1116,1
14,22,159,2
14,23,359,2
14,23,657,1
14,24,398,2
14,24,418,1
14,25,1696,2
14,26,498,2
14,26,559,1
14,26,259,2
14,27,719,2
14,27,100,1
14,27,518,2
14,28,1555,2
14,29,598,2
14,29,658,1
14,30,219,2
14,30,418,1
14,31,1574,2
14,32,558,2
14,32,199,1
14,33,518,2
14,33,458,1
14,33,677,2
14,34,1575,2
14,35,20,1
14,35,1735,2
14,36,737,2
14,36,1036,1
14,37,518,2
14,37,39,1
14,37,839,2
14,38,657,2
14,38,698,1
14,39,199,1
14,39,618,2
14,39,200,1
14,40,1774,2
14,41,617,2
14,42,459,2
14,42,299,1
14,43,199,2
14,43,340,1
14,44,102,1
14,44,439,2
14,45,778,2
14,46,40,1
14,46,538,2
14,47,59,1
14,47,937,2
14,47,198,1
14,48,636,2
14,49,1853,2
14,50,698,1
14,51,738,2
14,52,318,2
14,52,616,1
14,52,976,2
14,53,219,2
14,53,20,1
14,53,1058,2
14,54,1854,2
14,55,354,2
14,58,835,2
14,59,579,2
14,61,636,2
14,62,1198,2
14,63,1295,2
14,64,99,1
14,64,1076,2
14,65,659,2
14,66,1176,2
14,67,516,2
14,68,1432,2
14,69,1177,2
14,70,1294,2
14,71,1235,2
14,72,419,2
14,73,119,2
14,73,734,1
14,74,280,2
14,75,936,2
14,76,995,2
14,77,899,2
14,82,477,2
14,82,235,1
14,83,896,2
14,84,207,2
14,84,733,1
14,85,418,2
14,85,1291,1
14,87,518,2
14,88,1233,2
14,90,1735,2
14,91,638,1
14,92,1177,2
14,93,198,2
14,94,1754,2
14,96,1796,2
14,98,557,2
14,99,236,2
14,99,24,1
14,99,243,2
14,100,1455,2
16,1,275,1
16,1,660,2
16,2,219,1
16,2,519,2
16,3,239,1
16,3,359,2
16,3,280,1
16,4,152,1
16,4,538,2
16,4,737,1
16,5,232,1
16,5,877,2
16,5,1037,1
16,6,199,1
16,6,638,2
16,6,1295,1
16,6,399,2
16,7,99,2
16,7,299,1
16,7,797,2
16,8,133,1
16,8,617,2
16,8,1276,1
16,8,20,2
16,9,63,2
16,9,239,1
16,9,757,2
16,9,60,1
16,10,151,1
16,10,521,2
16,10,1334,1
16,10,1317,2
16,11,279,1
16,11,658,2
16,11,538,1
16,12,419,1
16,12,480,2
16,13,119,2
16,13,458,1
16,13,281,2
16,14,15,2
16,14,319,1
16,14,199,2
16,15,160,2
16,15,538,1
16,15,239,2
16,16,246,1
16,16,479,2
16,17,239,1
16,17,479,2
16,17,777,1
16,18,259,2
16,18,639,1
16,18,556,2
16,18,1794,1
16,18,1114,2
16,19,179,1
16,19,201,2
16,20,175,2
16,20,439,1
16,20,1695,2
16,20,737,1
16,20,638,2
16,20,1814,1
16,21,154,1
16,21,200,2
16,22,239,1
16,22,638,2
16,23,199,1
16,23,519,2
16,24,258,2
16,24,538,1
16,24,220,2
16,25,199,2
16,25,378,1
16,25,458,2
16,26,242,2
16,26,792,1
16,26,100,2
16,27,171,1
16,27,299,2
16,28,198,1
16,28,956,2
16,28,158,1
16,29,419,1
16,30,173,1
16,30,200,2
16,31,80,2
16,31,359,1
16,31,757,2
16,32,180,1
16,32,658,2
16,32,160,1
16,33,97,2
16,33,255,1
16,33,341,2
16,34,219,2
16,34,901,1
16,34,754,2
16,35,180,2
16,35,260,1
16,35,619,2
16,36,160,1
16,36,536,2
16,36,1116,1
16,36,200,2
16,37,120,2
16,37,366,1
16,37,282,2
16,38,60,2
16,38,298,1
16,38,518,2
16,38,161,1
16,39,158,1
16,39,474,2
16,39,717,1
16,40,180,1
16,40,1455,2
16,40,515,1
16,40,120,2
16,41,559,1
16,41,441,2
16,41,233,1
16,41,239,2
16,41,678,1
16,42,239,2
16,42,618,1
16,42,1735,2
16,43,160,2
16,43,778,1
16,43,918,2
16,43,334,1
16,43,519,2
16,44,151,1
16,44,338,2
16,44,759,1
16,45,200,1
16,45,298,2
16,45,798,1
16,46,42,2
16,46,11,1
16,46,382,2
16,46,499,1
16,46,937,2
16,46,184,1
16,47,99,2
16,47,195,1
16,47,518,2
16,47,1136,1
16,47,956,2
16,47,1315,1
16,47,579,2
16,48,47,2
16,48,78,1
16,48,158,2
16,48,198,1
16,48,499,2
16,49,19,2
16,49,131,1
16,49,398,2
16,49,81,1
16,50,272,2
16,50,478,1
16,50,240,2
16,51,572,2
16,52,100,1
16,52,223,2
16,52,495,1
16,52,80,2
16,53,139,2
16,53,538,1
16,54,638,1
16,54,1196,2
16,55,297,2
16,55,539,1
16,55,359,2
16,56,219,2
16,56,678,1
16,57,398,1
16,57,538,2
16,57,739,1
16,57,738,2
16,57,360,1
16,58,192,1
16,58,318,2
16,58,499,1
16,59,156,1
16,59,838,2
16,60,18,2
16,60,438,1
16,60,379,2
16,61,17,2
16,61,518,1
16,61,718,2
16,61,658,1
16,62,277,2
16,62,418,1
16,62,359,2
16,63,179,2
16,63,299,1
16,63,180,2
16,64,159,2
16,64,458,1
16,64,817,2
16,65,219,2
16,65,619,1
16,66,159,1
16,66,1116,2
16,67,857,2
16,68,159,1
16,68,299,2
16,68,259,1
16,68,439,2
16,69,159,2
16,69,419,1
16,69,438,2
16,70,23,2
16,70,271,1
16,70,340,2
16,70,578,1
16,70,100,2
16,71,173,2
16,71,336,1
16,71,2957,2
16,72,193,2
16,72,498,1
16,72,240,2
16,73,219,2
16,73,678,1
16,74,118,2
16,74,22,1
16,74,594,2
16,74,155,1
16,75,160,2
16,75,298,1
16,75,578,2
16,75,619,1
16,76,378,2
16,76,256,1
16,76,83,2
16,77,300,1
16,77,537,2
16,77,877,1
16,78,199,1
16,78,378,2
16,78,957,1
16,78,577,2
16,79,139,2
16,79,379,1
16,79,538,2
16,79,579,1
16,80,18,2
16,80,135,1
16,80,319,2
16,80,160,1
16,81,178,2
16,81,160,1
16,81,619,2
16,82,199,2
16,82,200,1
16,82,618,2
16,82,738,1
16,82,858,2
16,82,296,1
16,82,338,2
16,82,499,1
16,82,1295,2
16,83,159,2
16,83,439,1
16,83,379,2
16,84,259,1
16,84,618,2
16,85,378,1
16,85,140,2
16,86,160,1
16,86,1036,2
16,86,180,1
16,87,314,1
16,87,99,2
16,88,173,1
16,88,742,2
16,89,179,1
16,89,339,2
16,89,439,1
16,90,138,1
16,90,220,2
16,90,239,1
16,90,160,2
16,91,219,2
16,91,419,1
16,91,459,2
16,92,172,2
16,92,334,1
16,92,316,2
16,93,140,2
16,93,479,1
16,93,1158,2
16,93,595,1
16,93,678,2
16,93,80,1
16,94,199,1
16,94,936,2
16,95,159,2
16,95,458,1
16,96,219,1
16,96,458,2
16,97,259,2
16,97,458,1
16,98,478,1
16,99,100,1
16,99,997,2
16,100,140,1
16,100,697,2
16,100,878,1
17,1,340,1
17,1,638,2
17,2,258,1
17,2,877,2
17,2,220,1
17,3,478,1
17,3,499,2
17,3,140,1
17,4,179,1
17,4,279,2
17,4,219,1
17,5,657,1
17,5,219,2
17,6,338,1
17,6,558,2
17,7,259,1
17,7,419,2
17,8,239,1
17,8,318,2
17,9,260,1
17,9,599,2
17,9,280,1
17,10,218,1
17,10,518,2
17,11,339,1
17,11,460,2
17,11,220,1
17,12,219,2
17,12,518,1
17,12,480,2
17,13,438,1
17,13,499,2
17,14,398,1
17,14,560,2
17,15,299,1
17,15,797,2
17,16,299,1
17,16,239,2
17,17,219,1
17,17,717,2
17,18,458,1
17,18,498,2
17,19,698,2
17,19,381,1
17,20,299,1
17,20,518,2
17,20,40,1
17,21,677,1
17,21,299,2
17,22,378,1
17,22,758,2
17,22,420,1
17,23,371,1
17,23,917,2
17,24,339,1
17,24,518,2
17,24,61,1
17,25,537,1
17,25,340,2
17,26,378,1
17,26,538,2
17,27,458,1
17,27,401,2
17,27,60,1
17,28,260,1
17,28,538,2
17,28,338,1
17,29,458,1
17,29,976,2
17,29,60,1
17,30,279,1
17,30,658,2
17,31,259,1
17,31,538,2
17,31,677,1
17,32,398,1
17,32,439,2
17,32,119,1
17,33,279,2
17,33,479,1
17,33,577,2
17,33,100,1
17,34,517,1
17,34,817,2
17,34,83,1
17,35,239,1
17,35,517,2
17,35,1179,1
17,36,379,1
17,36,677,2
17,37,437,1
17,37,731,2
17,37,159,1
17,38,399,1
17,38,379,2
17,39,458,1
17,39,598,2
17,39,180,1
17,40,359,1
17,40,657,2
17,40,219,1
17,41,458,1
17,41,877,2
17,41,120,1
17,42,458,1
17,42,678,2
17,43,319,1
17,43,697,2
17,43,120,1
17,44,419,1
17,44,799,2
17,45,319,1
17,45,638,2
17,46,419,1
17,46,818,2
17,47,499,1
17,47,877,2
17,48,417,1
17,48,436,2
17,49,717,2
17,50,239,1
17,50,544,2
17,50,39,1
17,51,458,1
17,51,698,2
17,52,597,1
17,52,179,2
17,53,539,1
17,53,319,2
17,54,339,1
17,54,618,2
17,55,557,1
17,55,518,2
17,56,378,1
17,56,461,2
17,57,298,1
17,57,598,2
17,57,478,1
17,58,339,1
17,58,399,2
17,59,359,1
17,59,358,2
17,60,319,1
17,60,278,2
17,61,598,1
17,61,438,2
17,61,320,1
17,62,219,1
17,62,578,2
17,62,159,1
17,63,517,1
17,63,658,2
17,64,299,1
17,64,439,2
17,64,158,1
17,65,298,1
17,65,438,2
17,65,259,1
17,66,259,1
17,66,478,2
17,67,219,1
17,67,658,2
17,68,219,1
17,68,480,2
17,68,377,1
17,69,438,2
17,69,618,1
17,70,279,1
17,70,677,2
17,70,60,1
17,71,219,1
17,71,379,2
17,72,217,2
17,72,538,1
17,72,199,2
17,73,379,1
17,73,757,2
17,74,200,1
17,74,238,2
17,74,220,1
17,75,199,1
17,75,358,2
17,75,519,1
17,76,599,1
17,77,220,1
17,77,598,2
17,77,597,1
17,77,60,2
17,78,260,1
17,78,421,2
17,79,219,1
17,79,338,2
17,80,578,1
17,80,678,2
17,81,199,1
17,81,857,2
17,81,100,1
17,82,558,1
17,82,199,2
17,83,597,1
17,83,100,2
17,84,379,1
17,84,399,2
17,85,278,1
17,85,603,2
17,86,558,1
17,86,239,2
17,87,357,1
17,87,798,2
17,88,338,1
17,88,178,2
17,88,678,1
17,88,259,2
17,89,518,1
17,90,518,1
17,90,1793,2
17,90,546,1
17,90,80,2
17,91,398,1
17,91,319,2
17,92,319,1
17,92,299,2
17,93,598,1
17,93,240,2
17,94,298,1
17,94,439,2
17,95,239,1
17,95,638,2
17,96,219,1
17,96,518,2
17,96,722,1
17,97,378,1
17,97,697,2
17,97,499,1
17,98,319,1
17,98,558,2
17,99,378,1
17,99,1056,2
17,99,419,1
17,100,259,1
17,100,539,2
18,1,637,1
18,1,2691,2
18,1,597,1
18,1,1595,2
18,1,1655,1
18,1,4724,2
18,1,638,1
18,2,797,1
18,2,818,2
18,2,1471,1
18,2,2731,2
18,2,538,1
18,3,577,1
18,3,1217,2
18,3,837,1
18,3,558,2
18,4,558,1
18,4,637,2
18,4,678,1
18,4,1794,2
18,4,957,1
18,4,499,2
18,5,538,1
18,5,897,2
18,5,717,1
18,5,539,2
18,5,360,1
18,6,577,1
18,6,1515,2
18,6,939,1
18,6,1276,2
18,6,1773,1
18,7,419,1
18,7,1554,2
18,7,797,1
18,7,697,2
18,7,1016,1
18,7,956,2
18,8,520,1
18,8,1194,2
18,8,1276,1
18,8,1576,2
18,8,778,1
18,9,1953,1
18,9,757,2
18,9,478,1
18,9,583,2
18,9,693,1
18,10,378,1
18,10,1096,2
18,10,1376,1
18,10,1953,2
18,10,518,1
18,10,937,2
18,10,638,1
18,10,1297,2
18,10,540,1
18,11,599,1
18,11,1456,2
18,11,557,1
18,11,2152,2
18,12,393,1
18,12,777,2
18,12,956,1
18,12,778,2
18,12,84,1
18,13,298,1
18,13,798,2
18,13,800,1
18,13,1853,2
18,13,339,1
18,14,219,1
18,14,1177,2
18,14,1632,1
18,14,876,2
18,14,100,1
18,15,658,1
18,15,1694,2
18,15,419,1
18,16,319,1
18,16,478,2
18,16,658,1
18,16,977,2
18,17,637,1
18,17,657,2
18,18,339,1
18,18,677,2
18,19,520,1
18,19,279,2
18,20,458,1
18,20,796,2
18,20,917,1
18,21,398,1
18,21,637,2
18,21,1794,1
18,21,817,2
18,22,558,1
18,22,697,2
18,22,2533,1
18,23,458,1
18,23,761,2
18,23,1812,1
18,23,1036,2
18,24,737,1
18,24,481,2
18,24,1233,1
18,25,637,1
18,25,698,2
18,25,238,1
18,25,1268,2
18,25,1414,1
18,26,819,1
18,26,679,2
18,26,478,1
18,27,382,1
18,27,379,2
18,27,317,1
18,27,479,2
18,27,60,1
18,28,359,1
18,28,1076,2
18,28,737,1
18,28,960,2
18,29,381,1
18,29,518,2
18,29,1392,1
18,29,618,2
18,29,1015,1
18,29,219,2
18,30,597,1
18,30,481,2
18,30,1353,1
18,31,339,1
18,31,738,2
18,32,299,1
18,32,919,2
18,32,480,1
18,32,797,2
18,32,536,1
18,32,898,2
18,33,181,1
18,33,756,2
18,33,816,1
18,33,221,2
18,34,313,1
18,34,638,2
18,34,419,1
18,34,956,2
18,34,1196,1
18,34,2113,2
18,35,458,1
18,35,539,2
18,35,656,1
18,36,559,1
18,36,359,2
18,36,915,1
18,37,219,1
18,37,358,2
18,37,59,1
18,38,198,1
18,38,599,2
18,38,955,1
18,38,1734,2
18,39,398,1
18,39,587,2
18,39,638,1
18,39,159,2
18,40,279,1
18,40,1693,2
18,41,319,2
18,41,816,1
18,41,539,2
18,41,2213,1
18,42,278,1
18,42,298,2
18,42,856,1
18,42,60,2
18,43,399,1
18,43,438,2
18,43,1356,1
18,43,2312,2
18,43,757,1
18,44,398,1
18,44,878,2
18,44,81,1
18,45,279,1
18,45,679,2
18,45,897,1
18,45,317,2
18,46,279,1
18,46,637,2
18,46,1096,1
18,47,229,1
18,47,796,2
18,47,757,1
18,48,318,1
18,48,1138,2
18,48,678,1
18,48,159,2
18,48,1236,1
18,49,338,1
18,49,677,2
18,49,817,1
18,49,40,2
18,50,459,1
18,50,757,2
18,50,1315,1
18,50,1056,2
18,50,299,1
18,51,438,1
18,51,717,2
18,51,579,1
18,51,877,2
18,52,358,1
18,52,854,2
18,52,1256,1
18,52,1993,2
18,52,977,1
18,52,1155,2
18,53,319,1
18,53,558,2
18,53,1972,1
18,53,1316,2
18,54,259,1
18,54,776,2
18,55,237,1
18,55,518,2
18,56,420,2
18,56,996,1
18,57,299,1
18,57,597,2
18,57,539,1
18,57,577,2
18,58,219,1
18,58,557,2
18,58,339,1
18,58,358,2
18,59,159,1
18,59,478,2
18,59,558,1
18,59,438,2
18,60,219,1
18,60,638,2
18,60,1136,1
18,61,260,1
18,61,537,2
18,61,1395,1
18,61,1356,2
18,61,518,1
18,61,1097,2
18,62,219,1
18,62,379,2
18,62,897,1
18,62,1275,2
18,63,239,1
18,63,558,2
18,63,996,1
18,63,698,2
18,63,498,1
18,64,299,1
18,64,598,2
18,64,101,1
18,65,61,1
18,65,637,2
18,66,40,1
18,66,857,2
18,66,1175,1
18,67,200,1
18,67,381,2
18,68,299,1
18,68,478,2
18,68,800,1
18,69,286,1
18,69,375,2
18,70,457,2
18,70,538,1
18,70,160,2
18,70,977,1
18,70,638,2
18,71,179,1
18,71,558,2
18,71,578,1
18,71,340,2
18,72,339,1
18,72,478,2
18,72,936,1
18,72,420,2
18,73,40,1
18,73,405,2
18,73,559,1
18,73,318,2
18,73,1033,1
18,73,1775,2
18,73,1316,1
18,74,179,1
18,74,577,2
18,74,1394,1
18,74,261,2
18,74,478,1
18,75,239,1
18,75,416,2
18,75,697,1
18,75,898,2
18,75,796,1
18,75,778,2
18,75,358,1
18,76,325,1
18,76,580,2
18,77,273,1
18,77,2610,2
18,77,2573,1
18,77,1715,2
18,77,399,1
18,77,697,2
18,78,279,1
18,78,856,2
18,79,457,2
18,79,1076,1
18,79,957,2
18,79,1375,1
18,79,601,2
18,79,1373,1
18,80,339,1
18,80,418,2
18,80,837,1
18,80,1257,2
18,81,379,1
18,81,676,2
18,81,758,1
18,81,359,2
18,81,559,1
18,82,219,2
18,82,498,1
18,82,478,2
18,83,259,1
18,83,518,2
18,84,259,1
18,84,2212,2
18,84,1994,1
18,84,878,2
18,85,678,1
18,85,438,2
18,85,117,1
18,86,239,1
18,86,518,2
18,87,219,1
18,87,1136,2
18,87,1613,1
18,87,1423,2
18,87,1347,1
18,87,439,2
18,88,857,1
18,88,458,2
18,88,60,1
18,89,260,1
18,89,537,2
18,89,658,1
18,90,219,1
18,90,378,2
18,90,517,1
18,90,480,2
18,90,200,1
18,90,20,2
18,91,319,1
18,91,358,2
18,91,1892,1
18,91,859,2
18,92,259,1
18,92,538,2
18,93,458,1
18,93,499,2
18,93,897,1
18,93,480,2
18,94,180,1
18,94,577,2
18,94,897,1
18,94,203,2
18,95,259,1
18,95,218,2
18,95,498,1
18,95,2232,2
18,95,500,1
18,95,421,2
18,96,319,1
18,96,577,2
18,96,2352,1
18,96,681,2
18,96,80,1
18,97,220,1
18,97,916,2
18,97,677,1
18,97,1495,2
18,98,220,1
18,98,597,2
18,99,179,1
18,99,1475,2
18,99,575,1
18,99,418,2
18,99,41,1
18,100,200,1
18,100,457,2
18,100,957,1
18,100,1057,2
18,100,99,1
19,1,258,1
19,1,677,2
19,1,99,1
19,2,319,2
19,2,578,1
19,2,777,2
19,3,378,1
19,3,478,2
19,3,758,1
19,3,79,2
19,4,437,1
19,4,877,2
19,4,219,1
19,5,377,1
19,5,817,2
19,5,159,1
19,6,300,1
19,6,498,2
19,6,199,1
19,7,538,1
19,7,817,2
19,7,179,1
19,8,279,1
19,8,538,2
19,8,159,1
19,9,200,1
19,9,518,2
19,9,518,1
19,10,320,1
19,10,676,2
19,10,360,1
19,11,398,1
19,11,837,2
19,12,20,2
19,12,976,1
19,12,618,2
19,12,200,1
19,13,219,1
19,13,398,2
19,13,159,1
19,13,399,2
19,13,319,1
19,14,100,2
19,14,298,1
19,14,837,2
19,14,359,1
19,15,179,1
19,15,757,2
19,15,120,1
19,16,319,1
19,16,577,2
19,16,399,1
19,17,359,1
19,17,400,2
19,17,363,1
19,18,339,1
19,18,358,2
19,18,401,1
19,18,625,2
19,19,179,1
19,19,717,2
19,19,817,1
19,19,279,2
19,20,179,1
19,20,518,2
19,20,1294,1
19,20,459,2
19,21,298,1
19,21,817,2
19,22,647,1
19,22,597,2
19,23,299,1
19,23,578,2
19,24,379,1
19,24,599,2
19,24,239,1
19,25,378,1
19,25,518,2
19,25,797,1
19,26,180,2
19,26,757,1
19,26,737,2
19,26,200,1
19,27,308,1
19,27,558,2
19,28,358,1
19,28,837,2
19,28,577,1
19,29,298,1
19,29,498,2
19,29,538,1
19,29,558,2
19,29,299,1
19,30,358,1
19,30,957,2
19,30,20,1
19,30,817,2
19,31,284,1
19,31,517,2
19,31,457,1
19,32,298,1
19,32,557,2
19,32,179,1
19,32,459,2
19,33,5,1
19,33,657,2
19,33,399,1
19,33,458,2
19,34,340,1
19,34,757,2
19,35,338,1
19,35,776,2
19,35,519,1
19,35,418,2
19,36,498,1
19,36,597,2
19,36,358,1
19,37,318,1
19,37,618,2
19,37,761,1
19,38,279,1
19,38,817,2
19,39,359,1
19,39,518,2
19,39,560,1
19,40,359,1
19,40,692,2
19,41,458,1
19,41,438,2
19,41,498,1
19,41,479,2
19,41,1016,1
19,42,298,1
19,42,1455,2
19,42,446,1
19,42,101,2
19,43,339,1
19,43,438,2
19,43,279,1
19,43,260,2
19,44,151,2
19,44,758,1
19,45,319,1
19,45,558,2
19,45,698,1
19,45,320,2
19,46,319,1
19,46,936,2
19,47,300,1
19,47,777,2
19,48,298,1
19,48,538,2
19,48,160,1
19,49,222,1
19,49,638,2
19,50,299,1
19,50,738,2
19,50,319,1
19,51,276,1
19,51,418,2
19,51,60,1
19,52,358,2
19,52,677,1
19,52,438,2
19,52,120,1
19,53,278,1
19,53,678,2
19,54,776,1
19,54,319,2
19,54,1118,1
19,55,299,1
19,55,458,2
19,55,538,1
19,56,140,2
19,56,479,1
19,56,557,2
19,56,160,1
19,57,283,2
19,57,975,1
19,57,479,2
19,57,259,1
19,57,159,2
19,58,737,2
19,58,478,1
19,58,239,2
19,59,339,1
19,59,1455,2
19,60,359,1
19,60,298,2
19,60,380,1
19,61,299,1
19,61,438,2
19,61,319,1
19,61,559,2
19,61,238,1
19,62,476,2
19,62,478,1
19,62,183,2
19,63,299,1
19,63,657,2
19,63,179,1
19,64,180,1
19,64,518,2
19,64,458,1
19,64,797,2
19,64,220,1
19,65,319,1
19,65,518,2
19,65,878,1
19,65,478,2
19,66,319,1
19,66,518,2
19,66,519,1
19,67,199,1
19,67,678,2
19,68,260,1
19,68,379,2
19,68,379,1
19,69,80,2
19,69,180,1
19,69,800,2
19,70,140,1
19,70,359,2
19,70,435,1
19,71,160,1
19,71,398,2
19,71,458,1
19,72,200,1
19,72,359,2
19,72,399,1
19,72,235,2
19,72,102,1
19,73,331,2
19,73,645,1
19,73,558,2
19,73,199,1
19,74,341,2
19,74,478,1
19,74,478,2
19,75,220,2
19,75,736,1
19,75,637,2
19,75,380,1
19,76,279,2
19,76,439,1
19,76,578,2
19,77,338,2
19,77,398,1
19,77,119,2
19,78,491,2
19,78,547,1
19,78,1015,2
19,78,319,1
19,78,817,2
19,79,180,2
19,79,257,1
19,79,757,2
19,79,379,1
19,79,678,2
19,80,477,1
19,80,957,2
19,80,638,1
19,80,123,2
19,81,478,1
19,81,936,2
19,81,419,1
19,81,618,2
19,81,199,1
19,82,119,2
19,82,199,1
19,82,777,2
19,82,618,1
19,82,79,2
19,83,139,1
19,83,439,2
19,83,518,1
19,84,318,1
19,84,622,2
19,84,463,1
19,85,175,1
19,85,775,2
19,86,338,1
19,86,577,2
19,86,281,1
19,87,179,1
19,87,836,2
19,88,379,1
19,88,657,2
19,88,339,1
19,88,239,2
19,89,178,1
19,89,697,2
19,90,259,1
19,90,975,2
19,91,239,1
19,91,180,2
19,91,340,1
19,91,598,2
19,92,180,1
19,92,757,2
19,93,180,2
19,93,378,1
19,93,598,2
19,94,320,2
19,94,617,1
19,94,598,2
19,94,858,1
19,95,279,1
19,95,438,2
19,95,420,1
19,96,458,1
19,96,598,2
19,96,498,1
19,96,757,2
19,96,379,1
19,96,479,2
19,97,179,1
19,97,797,2
19,98,319,1
19,98,438,2
19,98,538,1
19,99,299,1
19,99,697,2
19,100,119,1
19,100,458,2
19,100,519,1
19,100,280,2
20,1,339,1
20,1,679,2
20,1,680,1
20,2,498,1
20,2,638,2
20,2,300,1
20,2,100,2
20,3,438,1
20,3,798,2
20,3,478,1
20,3,80,2
20,4,379,1
20,4,201,2
20,5,518,1
20,5,558,2
20,5,281,1
20,6,318,1
20,6,558,2
20,6,260,1
20,7,338,1
20,7,677,2
20,7,358,1
20,8,299,1
20,8,558,2
20,8,838,1
20,8,139,2
20,9,379,1
20,9,519,2
20,9,80,1
20,10,399,1
20,10,598,2
20,10,198,1
20,11,398,1
20,11,638,2
20,11,239,1
20,12,555,1
20,12,700,2
20,13,358,1
20,13,538,2
20,13,199,1
20,14,577,1
20,14,498,2
20,15,318,1
20,15,538,2
20,15,1355,1
20,16,337,1
20,16,638,2
20,16,59,1
20,17,419,1
20,17,457,2
20,17,629,1
20,17,677,2
20,17,1016,1
20,17,757,2
20,18,419,1
20,18,558,2
20,18,141,1
20,19,438,1
20,19,319,2
20,20,359,1
20,20,538,2
20,21,518,1
20,21,180,2
20,22,498,1
20,22,399,2
20,22,259,1
20,23,339,1
20,23,519,2
20,23,519,1
20,23,579,2
20,23,539,1
20,24,319,1
20,24,598,2
20,24,658,1
20,25,339,1
20,25,377,2
20,26,399,1
20,26,737,2
20,26,578,1
20,26,100,2
20,27,417,1
20,27,119,2
20,28,259,1
20,28,1235,2
20,28,538,1
20,28,519,2
20,29,339,1
20,29,538,2
20,29,160,1
20,30,458,1
20,30,515,2
20,30,699,1
20,31,497,1
20,31,218,2
20,32,279,1
20,32,717,2
20,32,140,1
20,33,478,1
20,33,319,2
20,34,319,1
20,34,657,2
20,34,40,1
20,35,339,1
20,35,336,2
20,35,20,1
20,36,438,1
20,36,438,2
20,36,199,1
20,37,378,1
20,37,618,2
20,37,459,1
20,38,438,1
20,38,814,2
20,38,658,1
20,38,222,2
20,39,597,1
20,39,100,2
20,40,658,1
20,40,199,2
20,41,597,1
20,41,319,2
20,41,598,1
20,42,408,1
20,42,419,2
20,42,241,1
20,43,219,1
20,43,538,2
20,43,339,1
20,44,318,1
20,44,418,2
20,44,359,1
20,45,458,1
20,45,379,2
20,46,220,1
20,46,378,2
20,46,219,1
20,47,738,1
20,47,439,2
20,47,400,1
20,48,359,1
20,48,637,2
20,49,279,1
20,49,472,2
20,49,320,1
20,50,299,1
20,50,478,2
20,50,359,1
20,51,418,1
20,51,517,2
20,51,1077,1
20,52,419,1
20,52,539,2
20,53,339,1
20,53,498,2
20,53,117,1
20,54,338,1
20,54,516,2
20,54,419,1
20,55,279,1
20,55,516,2
20,55,340,1
20,56,297,1
20,56,477,2
20,56,99,1
20,57,459,1
20,57,200,2
20,58,279,1
20,58,139,2
20,58,639,1
20,58,980,2
20,59,1433,1
20,59,398,2
20,59,100,1
20,60,339,1
20,60,379,2
20,60,281,1
20,61,359,1
20,61,678,2
20,62,320,1
20,62,417,2
20,62,239,1
20,63,259,1
20,63,719,2
20,64,299,1
20,64,398,2
20,64,140,1
20,65,318,1
20,65,376,2
20,65,103,1
20,66,238,1
20,66,259,2
20,67,239,1
20,67,418,2
20,67,181,1
20,68,378,1
20,68,458,2
20,68,299,1
20,69,339,1
20,69,179,2
20,70,319,1
20,70,518,2
20,71,259,1
20,71,400,2
20,71,98,1
20,72,299,1
20,72,302,2
20,72,817,1
20,73,538,1
20,73,675,2
20,73,280,1
20,74,459,1
20,74,679,2
20,75,357,1
20,75,359,2
20,75,495,1
20,76,379,1
20,76,299,2
20,77,338,2
20,77,402,1
20,77,119,2
20,78,321,2
20,78,778,1
20,79,479,1
20,79,381,2
20,79,160,1
20,80,399,1
20,80,499,2
20,81,379,1
20,81,458,2
20,81,578,1
20,81,419,2
20,82,259,1
20,82,478,2
20,82,658,1
20,83,358,1
20,83,419,2
20,83,41,1
20,84,419,1
20,84,239,2
20,85,398,1
20,85,240,2
20,86,220,1
20,86,538,2
20,87,160,2
20,87,358,1
20,87,140,2
20,88,319,1
20,88,260,2
20,89,339,1
20,89,599,2
20,89,123,1
20,90,398,1
20,90,578,2
20,91,259,1
20,91,418,2
20,91,61,1
20,92,399,1
20,92,418,2
20,92,439,1
20,93,379,1
20,93,100,2
20,94,399,1
20,94,379,2
20,94,276,1
20,95,279,1
20,95,398,2
20,96,479,1
20,96,99,2
20,97,457,1
20,97,119,2
20,98,358,1
20,98,203,2
20,99,319,1
20,99,537,2
20,100,378,1
20,100,160,2
22,1,259,2
22,1,797,1
22,1,595,2
22,1,576,1
22,1,283,2
22,2,339,1
22,2,674,2
22,2,420,1
22,3,318,2
22,3,1558,1
22,4,596,2
22,4,657,1
22,4,996,2
22,4,837,1
22,4,682,2
22,5,618,2
22,5,598,1
22,5,777,2
22,6,578,2
22,6,1074,1
22,6,1061,2
22,6,698,1
22,7,462,2
22,7,857,1
22,8,555,1
22,8,1219,2
22,8,498,1
22,8,455,2
22,8,421,1
22,9,379,2
22,9,837,1
22,9,398,2
22,10,299,1
22,10,695,2
22,10,321,1
22,11,439,2
22,11,757,1
22,11,376,2
22,12,336,2
22,12,777,1
22,12,757,2
22,12,499,1
22,12,221,2
22,13,199,1
22,13,516,2
22,13,795,1
22,13,1096,2
22,13,576,1
22,13,258,2
22,14,434,2
22,14,615,1
22,14,1003,2
22,15,458,2
22,15,576,1
22,15,718,2
22,16,299,2
22,16,757,1
22,17,401,2
22,17,299,1
22,18,316,1
22,18,840,2
22,18,660,1
22,19,399,1
22,19,638,2
22,20,196,2
22,20,837,1
22,20,698,2
22,20,977,1
22,20,538,2
22,21,538,1
22,21,558,2
22,21,219,1
22,22,201,1
22,22,1036,2
22,22,40,1
22,23,358,2
22,23,735,1
22,23,601,2
22,23,717,1
22,23,1057,2
22,24,336,2
22,24,757,1
22,24,259,2
22,25,501,1
22,25,535,2
22,25,219,1
22,26,359,2
22,26,595,1
22,26,657,2
22,27,338,1
22,27,638,2
22,28,358,1
22,28,720,2
22,29,238,1
22,29,598,2
22,29,123,1
22,30,256,1
22,30,601,2
22,30,954,1
22,31,259,1
22,31,478,2
22,31,39,1
22,32,259,1
22,32,1275,2
22,32,438,1
22,32,616,2
22,32,479,1
22,32,339,2
22,33,561,1
22,33,635,2
22,33,219,1
22,34,361,1
22,34,698,2
22,34,876,1
22,34,319,2
22,35,200,2
22,35,637,1
22,35,223,2
22,36,222,1
22,36,335,2
22,36,296,1
22,36,80,2
22,37,319,1
22,37,402,2
22,37,438,1
22,37,240,2
22,38,202,1
22,38,558,2
22,38,97,1
22,39,299,1
22,39,600,2
22,40,200,1
22,40,600,2
22,40,240,1
22,41,359,2
22,41,558,1
22,41,637,2
22,41,698,1
22,41,578,2
22,42,720,1
22,42,577,2
22,42,259,1
22,43,219,2
22,43,316,1
22,44,379,2
22,44,475,1
22,44,239,2
22,45,382,1
22,45,495,2
22,45,219,1
22,46,358,1
22,46,658,2
22,47,356,1
22,47,519,2
22,47,955,1
22,47,419,2
22,48,777,1
22,48,460,2
22,48,140,1
22,49,580,1
22,49,555,2
22,49,757,1
22,49,835,2
22,49,538,1
22,49,203,2
22,50,419,1
22,50,501,2
22,51,618,2
22,52,181,1
22,52,397,2
22,52,478,1
22,52,499,2
22,52,99,1
22,53,199,1
22,53,617,2
22,54,40,2
22,54,379,1
22,54,496,2
22,54,162,1
22,55,441,2
22,55,536,1
22,55,1212,2
22,55,540,1
22,55,160,2
22,56,175,1
22,56,376,2
22,56,639,1
22,56,537,2
22,57,279,1
22,57,720,2
22,57,455,1
22,57,278,2
22,58,199,2
22,58,99,1
22,59,797,1
22,59,1037,2
22,59,697,1
22,60,376,1
22,60,1036,2
22,60,755,1
22,60,438,2
22,61,259,1
22,61,814,2
22,61,559,1
22,62,197,1
22,62,718,2
22,63,280,2
22,63,677,1
22,63,279,2
22,64,398,2
22,64,699,1
22,65,415,1
22,65,880,2
22,65,837,1
22,66,402,1
22,66,414,2
22,66,675,1
22,66,421,2
22,67,456,1
22,67,376,2
22,67,875,1
22,67,737,2
22,67,658,1
22,67,139,2
22,68,297,1
22,68,540,2
22,68,879,1
22,68,1213,2
22,68,1515,1
22,69,176,1
22,69,795,2
22,70,335,2
22,70,458,1
22,70,654,2
22,70,619,1
22,70,42,2
22,71,538,1
22,71,498,2
22,71,162,1
22,72,179,2
22,72,374,1
22,72,575,2
22,72,659,1
22,72,299,2
22,73,197,1
22,73,418,2
22,74,279,1
22,74,439,2
22,74,934,1
22,74,1335,2
22,74,339,1
22,75,216,1
22,75,538,2
22,75,1153,1
22,75,416,2
22,76,299,1
22,76,558,2
22,77,159,1
22,77,557,2
22,77,678,1
22,77,1134,2
22,77,496,1
22,77,122,2
22,78,180,1
22,78,557,2
22,79,199,1
22,79,678,2
22,79,559,1
22,79,837,2
22,79,297,1
22,79,319,2
22,80,304,2
22,80,615,1
22,80,700,2
22,80,658,1
22,81,318,2
22,81,898,1
22,81,1416,2
22,82,339,2
22,82,877,1
22,82,541,2
22,82,256,1
22,83,382,2
22,83,575,1
22,83,339,2
22,84,216,1
22,84,417,2
22,84,375,1
22,84,120,2
22,85,219,1
22,85,439,2
22,85,536,1
22,85,575,2
22,86,199,1
22,86,938,2
22,86,558,1
22,86,721,2
22,86,1378,1
22,87,219,1
22,87,618,2
22,88,316,2
22,88,960,1
22,89,339,1
22,89,518,2
22,90,339,1
22,90,498,2
22,90,559,1
22,90,316,2
22,91,336,1
22,91,239,2
22,91,558,1
22,91,976,2
22,91,937,1
22,92,339,2
22,92,580,1
22,92,179,2
22,93,179,2
22,93,476,1
22,93,340,2
22,93,302,1
22,94,458,1
22,94,818,2
22,94,956,1
22,94,635,2
22,94,302,1
22,95,181,2
22,95,416,1
22,95,740,2
22,95,601,1
22,95,100,2
22,96,216,1
22,96,457,2
22,96,239,1
22,97,416,1
22,97,538,2
22,97,738,1
22,97,156,2
22,98,198,1
22,98,458,2
22,99,319,1
22,99,478,2
22,99,239,1
22,100,176,1
22,100,598,2
22,100,20,1
